fecha,tipo,precio,monto,asset,fiat,metodos_pago
2026-08-18T20:47:48.114803,SELL,912.49900000,1896.68000000,USDT,VES,Banesco
2026-08-18T20:47:47.799681,BUY,915.00000000,3000.00000000,USDT,VES,Banco de Venezuela
2026-08-18T20:17:09.014314,SELL,910.00000000,325.18000000,USDT,VES,"Mercantil, Banco de Venezuela"
2026-08-18T20:17:08.684576,BUY,914.50000000,220000.00000000,USDT,VES,"Banco de Venezuela, Bank Transfer"
2026-08-18T19:47:09.116678,SELL,910.99900000,1896.68000000,USDT,VES,Bancamiga
2026-08-18T19:47:08.774391,BUY,914.50000000,220000.00000000,USDT,VES,"Banco de Venezuela, Bank Transfer"
2026-08-18T19:17:08.981597,SELL,908.00000000,1396.50000000,USDT,VES,Banesco
2026-08-18T19:17:08.662258,BUY,913.00000000,87723.15000000,USDT,VES,"Banco de Venezuela, Bank Transfer"
2026-08-18T18:47:08.965758,SELL,911.00000000,1899.47000000,USDT,VES,Banesco
2026-08-18T18:47:08.658653,BUY,912.00000000,200000.00000000,USDT,VES,"Banco de Venezuela, Bank Transfer"
2026-08-18T18:17:08.921340,SELL,905.00000000,285.95000000,USDT,VES,"BFC Banco Fondo Común, BBVA"
2026-08-18T18:17:08.614396,BUY,912.50100000,9999.03000000,USDT,VES,"Banco de Venezuela, Bank Transfer"
2026-08-18T17:47:09.032434,SELL,907.00000000,1.70000000,USDT,VES,"Bank Transfer, Banesco, Banco de Venezuela"
2026-08-18T17:47:08.718835,BUY,911.00000000,92114.12000000,USDT,VES,"Banco de Venezuela, Bank Transfer"
2026-08-18T17:17:17.492796,SELL,903.00000000,99.75000000,USDT,VES,Mercantil
2026-08-18T17:17:17.154131,BUY,909.50000000,80000.00000000,USDT,VES,"Banco de Venezuela, Bank Transfer"
2026-08-17T14:02:17.844664,SELL,879.00000000,199.50000000,USDT,VES,Banco de Venezuela
2026-08-17T14:02:16.844777,BUY,886.00100000,50000.00000000,USDT,VES,"Banco de Venezuela, Bank Transfer"
2026-08-17T13:37:25.668710,SELL,875.00000000,4488.77000000,USDT,VES,Banesco
2026-08-17T13:37:25.340828,BUY,881.00100000,80000.00000000,USDT,VES,"Banco de Venezuela, Bank Transfer"
2026-08-17T13:02:17.196936,SELL,874.90000000,0.75000000,USDT,VES,Bank Transfer
2026-08-17T13:02:16.848104,BUY,881.50100000,42000.00000000,USDT,VES,Bancamiga
2026-08-17T12:05:04.617330,SELL,874.90000000,0.75000000,USDT,VES,Bank Transfer
2026-08-17T12:05:04.283972,BUY,887.95000000,116.46000000,USDT,VES,Mercantil
2026-08-17T11:30:28.766824,SELL,874.00000000,0.83000000,USDT,VES,"Banesco, Pago Movil, Banco de Venezuela, Bank Transfer"
2026-08-17T11:30:28.457715,BUY,878.00000000,13500.00000000,USDT,VES,BNC Banco Nacional de Crédito
2026-08-17T11:26:10.562214,SELL,872.00000000,0.38000000,USDT,VES,"Banco de Venezuela, Bank Transfer"
2026-08-17T11:26:10.260933,BUY,878.00000000,4705.76000000,USDT,VES,Banco de Venezuela
2026-08-17T10:00:06.043111,SELL,866.00000000,0.43000000,USDT,VES,"Pago Movil, Bank Transfer"
2026-08-17T10:00:05.680563,BUY,868.00000000,18443.00000000,USDT,VES,Bank Transfer
2026-08-17T00:00:14.605543,SELL,871.00000000,798.00000000,USDT,VES,Banco Digital de los Trabajadores
2026-08-17T00:00:14.295260,BUY,876.00000000,2000.00000000,USDT,VES,"R4 Banco Microfinanciero, Banco de Venezuela, Bank Transfer"
2026-08-16T23:30:14.574957,SELL,871.00000000,0.85000000,USDT,VES,Banco de Venezuela
2026-08-16T23:30:14.267416,BUY,876.00000000,2000.00000000,USDT,VES,"R4 Banco Microfinanciero, Banco de Venezuela, Bank Transfer"
2026-08-16T23:00:14.519010,SELL,869.35000000,1185.42000000,USDT,VES,Banco de Venezuela
2026-08-16T23:00:14.200301,BUY,876.00000000,2000.00000000,USDT,VES,"R4 Banco Microfinanciero, Banco de Venezuela, Bank Transfer"
2026-08-16T22:30:14.466503,SELL,870.00000000,1724.38000000,USDT,VES,Banco Digital de los Trabajadores
2026-08-16T22:30:14.142565,BUY,876.00000000,2000.00000000,USDT,VES,"R4 Banco Microfinanciero, Banco de Venezuela, Bank Transfer"
2026-08-16T22:00:14.539543,SELL,870.00000000,1594.26000000,USDT,VES,Banco Digital de los Trabajadores
2026-08-16T22:00:14.225774,BUY,876.00000000,2000.00000000,USDT,VES,"R4 Banco Microfinanciero, Banco de Venezuela, Bank Transfer"
2026-08-16T21:30:14.546833,SELL,775.00000000,399.00000000,USDT,VES,"Bank Transfer, Banco de Venezuela"
2026-08-16T21:30:14.220203,BUY,876.00000000,2000.00000000,USDT,VES,"R4 Banco Microfinanciero, Banco de Venezuela, Bank Transfer"
2026-08-16T21:00:14.465546,SELL,870.00000000,1496.25000000,USDT,VES,Banco Digital de los Trabajadores
2026-08-16T21:00:14.154011,BUY,876.00000000,2000.00000000,USDT,VES,"R4 Banco Microfinanciero, Banco de Venezuela, Bank Transfer"
2026-08-16T20:30:14.529649,SELL,869.00000000,1.72000000,USDT,VES,Banco de Venezuela
2026-08-16T20:30:14.193336,BUY,876.00000000,2000.00000000,USDT,VES,"R4 Banco Microfinanciero, Banco de Venezuela, Bank Transfer"
2026-08-16T20:00:14.475233,SELL,870.00000000,211.73000000,USDT,VES,Bank Transfer
2026-08-16T20:00:14.142356,BUY,876.00000000,2000.00000000,USDT,VES,"R4 Banco Microfinanciero, Banco de Venezuela, Bank Transfer"
2026-08-16T19:30:14.538390,SELL,869.81000000,617.47000000,USDT,VES,Banesco
2026-08-16T19:30:14.204529,BUY,876.00000000,2000.00000000,USDT,VES,"R4 Banco Microfinanciero, Banco de Venezuela, Bank Transfer"
2026-08-16T19:00:14.402371,SELL,870.00000000,0.52000000,USDT,VES,Pago Movil
2026-08-16T19:00:14.111004,BUY,876.00000000,2000.00000000,USDT,VES,"R4 Banco Microfinanciero, Banco de Venezuela, Bank Transfer"
2026-08-16T18:30:14.445881,SELL,870.00000000,11.32000000,USDT,VES,"Bank Transfer, Banco de Venezuela"
2026-08-16T18:30:14.132245,BUY,876.00000000,2000.00000000,USDT,VES,"R4 Banco Microfinanciero, Banco de Venezuela, Bank Transfer"
2026-08-16T18:00:14.471827,SELL,869.99900000,83.94000000,USDT,VES,"Banesco, Pago Movil"
2026-08-16T18:00:14.120878,BUY,876.00000000,2000.00000000,USDT,VES,"R4 Banco Microfinanciero, Banco de Venezuela, Bank Transfer"
2026-08-16T17:30:14.509548,SELL,860.00000000,99.75000000,USDT,VES,Pago Movil
2026-08-16T17:30:14.196810,BUY,876.00000000,2000.00000000,USDT,VES,"R4 Banco Microfinanciero, Banco de Venezuela, Bank Transfer"
2026-08-16T17:00:14.362465,SELL,869.00000000,199.50000000,USDT,VES,Banesco
2026-08-16T17:00:14.073952,BUY,876.00000000,2000.00000000,USDT,VES,"R4 Banco Microfinanciero, Banco de Venezuela, Bank Transfer"
2026-08-16T16:30:14.426769,SELL,870.00000000,39101.71000000,USDT,VES,"Banco de Venezuela, Bank Transfer"
2026-08-16T16:30:14.100699,BUY,876.00000000,2000.00000000,USDT,VES,"R4 Banco Microfinanciero, Banco de Venezuela, Bank Transfer"
2026-08-16T16:00:14.413590,SELL,870.00000000,3.77000000,USDT,VES,BNC Banco Nacional de Crédito
2026-08-16T16:00:14.095820,BUY,876.00000000,2000.00000000,USDT,VES,"R4 Banco Microfinanciero, Banco de Venezuela, Bank Transfer"
2026-08-16T15:30:14.552050,SELL,871.00000000,96.19000000,USDT,VES,Mercantil
2026-08-16T15:30:14.216253,BUY,876.00000000,2000.00000000,USDT,VES,"R4 Banco Microfinanciero, Banco de Venezuela, Bank Transfer"
2026-08-16T15:00:14.367854,SELL,872.00000000,5000.24000000,USDT,VES,"Bank Transfer, Banco de Venezuela"
2026-08-16T15:00:14.079051,BUY,876.00000000,2000.00000000,USDT,VES,"R4 Banco Microfinanciero, Banco de Venezuela, Bank Transfer"
2026-08-16T14:30:14.373968,SELL,870.00000000,259.35000000,USDT,VES,Mercantil
2026-08-16T14:30:14.055945,BUY,876.00000000,2000.00000000,USDT,VES,"R4 Banco Microfinanciero, Banco de Venezuela, Bank Transfer"
2026-08-16T14:00:14.441147,SELL,872.00000000,99.80000000,USDT,VES,"Mercantil, Pago Movil"
2026-08-16T14:00:14.149465,BUY,876.00000000,2000.00000000,USDT,VES,"R4 Banco Microfinanciero, Banco de Venezuela, Bank Transfer"
2026-08-16T13:30:14.388662,SELL,871.00000000,998.25000000,USDT,VES,Mercantil
2026-08-16T13:30:14.074898,BUY,876.00000000,2000.00000000,USDT,VES,"R4 Banco Microfinanciero, Banco de Venezuela, Bank Transfer"
2026-08-16T13:00:14.425668,SELL,872.00000000,26.52000000,USDT,VES,Banco de Venezuela
2026-08-16T13:00:14.123411,BUY,876.00000000,2000.00000000,USDT,VES,"R4 Banco Microfinanciero, Banco de Venezuela, Bank Transfer"
2026-08-16T12:30:14.337592,SELL,872.00000000,99.75000000,USDT,VES,Mercantil
2026-08-16T12:30:14.034753,BUY,876.00000000,2000.00000000,USDT,VES,"R4 Banco Microfinanciero, Banco de Venezuela, Bank Transfer"
2026-08-16T12:00:14.436138,SELL,871.00000000,99.80000000,USDT,VES,"Pago Movil, BNC Banco Nacional de Crédito, Banesco"
2026-08-16T12:00:14.136745,BUY,876.00000000,2000.00000000,USDT,VES,"R4 Banco Microfinanciero, Banco de Venezuela, Bank Transfer"
2026-08-16T11:30:14.516926,SELL,872.00000000,200.49000000,USDT,VES,Bank Transfer
2026-08-16T11:30:14.068253,BUY,876.00000000,2000.00000000,USDT,VES,"R4 Banco Microfinanciero, Banco de Venezuela, Bank Transfer"
2026-08-16T11:00:14.328430,SELL,871.00000000,99.75000000,USDT,VES,"Mercantil, Pago Movil"
2026-08-16T11:00:14.026977,BUY,876.00000000,2000.00000000,USDT,VES,"R4 Banco Microfinanciero, Banco de Venezuela, Bank Transfer"
2026-08-16T10:30:14.349592,SELL,873.00000000,827.93000000,USDT,VES,Banco de Venezuela
2026-08-16T10:30:14.039909,BUY,876.00000000,2000.00000000,USDT,VES,"R4 Banco Microfinanciero, Banco de Venezuela, Bank Transfer"
2026-08-16T10:00:06.585154,SELL,873.60000000,630.42000000,USDT,VES,"Banco de Venezuela, Bank Transfer"
2026-08-16T10:00:06.200176,BUY,876.00000000,2000.00000000,USDT,VES,"R4 Banco Microfinanciero, Banco de Venezuela, Bank Transfer"
2026-08-16T00:04:36.719998,SELL,873.93000000,1646.03000000,USDT,VES,Mercantil
2026-08-16T00:04:36.432877,BUY,876.00000000,2000.00000000,USDT,VES,"R4 Banco Microfinanciero, Banco de Venezuela, Bank Transfer"
2026-08-15T23:34:36.863957,SELL,871.00000000,199.50000000,USDT,VES,"Pago Movil, Banco de Venezuela"
2026-08-15T23:34:36.565800,BUY,876.00000000,2000.00000000,USDT,VES,"R4 Banco Microfinanciero, Banco de Venezuela, Bank Transfer"
2026-08-15T23:04:36.733621,SELL,873.65000000,8707.04000000,USDT,VES,"Bank Transfer, Banco de Venezuela"
2026-08-15T23:04:36.434868,BUY,876.00000000,2000.00000000,USDT,VES,"R4 Banco Microfinanciero, Banco de Venezuela, Bank Transfer"
2026-08-15T22:34:36.759874,SELL,873.00000000,99.75000000,USDT,VES,Banco de Venezuela
2026-08-15T22:34:36.426210,BUY,876.00000000,2000.00000000,USDT,VES,"R4 Banco Microfinanciero, Banco de Venezuela, Bank Transfer"
2026-08-15T22:04:36.751911,SELL,871.00000000,99.75000000,USDT,VES,Bancamiga
2026-08-15T22:04:36.420488,BUY,876.00000000,2000.00000000,USDT,VES,"R4 Banco Microfinanciero, Banco de Venezuela, Bank Transfer"
2026-08-15T21:34:36.725251,SELL,871.40000000,897.75000000,USDT,VES,Banesco
2026-08-15T21:34:36.415329,BUY,876.00000000,2000.00000000,USDT,VES,"R4 Banco Microfinanciero, Banco de Venezuela, Bank Transfer"
2026-08-15T21:06:50.383678,SELL,872.70000000,1225.40000000,USDT,VES,Banesco
2026-08-15T21:06:49.522305,BUY,876.00000000,2000.00000000,USDT,VES,"R4 Banco Microfinanciero, Banco de Venezuela, Bank Transfer"
2026-08-15T20:04:37.556705,SELL,870.50000000,3206.65000000,USDT,VES,Banesco
2026-08-15T20:04:37.159307,BUY,876.00000000,2000.00000000,USDT,VES,"R4 Banco Microfinanciero, Banco de Venezuela, Bank Transfer"
2026-08-15T18:34:37.425534,SELL,872.50000000,407.65000000,USDT,VES,Mercantil
2026-08-15T18:34:37.117577,BUY,876.00000000,2000.00000000,USDT,VES,"R4 Banco Microfinanciero, Banco de Venezuela, Bank Transfer"
2026-08-15T18:04:37.386925,SELL,872.39900000,356.38000000,USDT,VES,Banesco
2026-08-15T18:04:37.094030,BUY,876.00000000,2000.00000000,USDT,VES,"R4 Banco Microfinanciero, Banco de Venezuela, Bank Transfer"
2026-08-15T17:34:37.330705,SELL,872.49900000,8.96000000,USDT,VES,Banesco
2026-08-15T17:34:37.006681,BUY,876.00000000,2000.00000000,USDT,VES,"R4 Banco Microfinanciero, Banco de Venezuela, Bank Transfer"
2026-08-15T17:04:37.314856,SELL,872.53500000,4473.87000000,USDT,VES,Banesco
2026-08-15T17:04:36.972678,BUY,876.00000000,2000.00000000,USDT,VES,"R4 Banco Microfinanciero, Banco de Venezuela, Bank Transfer"
2026-08-15T16:34:37.303666,SELL,872.39900000,3049.45000000,USDT,VES,Banesco
2026-08-15T16:34:36.986587,BUY,876.00000000,2000.00000000,USDT,VES,"R4 Banco Microfinanciero, Banco de Venezuela, Bank Transfer"
2026-08-15T16:04:37.492349,SELL,872.28800000,3005.97000000,USDT,VES,Banesco
2026-08-15T16:04:37.156192,BUY,892.00000000,26675.91000000,USDT,VES,Pago Movil
2026-08-15T15:34:37.279089,SELL,874.00000000,238.06000000,USDT,VES,Pago Movil
2026-08-15T15:34:36.971649,BUY,892.00000000,30000.00000000,USDT,VES,Pago Movil
2026-08-15T15:04:37.270334,SELL,874.00000000,1.89000000,USDT,VES,Banesco
2026-08-15T15:04:36.971984,BUY,876.00000000,2000.00000000,USDT,VES,"R4 Banco Microfinanciero, Banco de Venezuela, Bank Transfer"
2026-08-15T14:34:37.395246,SELL,873.50000000,399.00000000,USDT,VES,Mercantil
2026-08-15T14:34:37.073396,BUY,876.00000000,2000.00000000,USDT,VES,"R4 Banco Microfinanciero, Banco de Venezuela, Bank Transfer"
2026-08-15T14:04:37.298142,SELL,872.20000000,1.71000000,USDT,VES,BNC Banco Nacional de Crédito
2026-08-15T14:04:36.978215,BUY,881.00000000,2000.00000000,USDT,VES,"Bank Transfer, Banco de Venezuela, R4 Banco Microfinanciero"
2026-08-15T13:34:37.270670,SELL,872.00000000,58.52000000,USDT,VES,Banesco
2026-08-15T13:34:36.976761,BUY,881.00000000,2000.00000000,USDT,VES,"Bank Transfer, Banco de Venezuela, R4 Banco Microfinanciero"
2026-08-15T13:04:37.315691,SELL,872.94000000,6354.43000000,USDT,VES,Banesco
2026-08-15T13:04:37.012399,BUY,881.00000000,2000.00000000,USDT,VES,"Bank Transfer, Banco de Venezuela, R4 Banco Microfinanciero"
2026-08-15T12:34:56.900154,SELL,874.90000000,2994.75000000,USDT,VES,Banesco
2026-08-15T12:34:56.589484,BUY,882.00000000,340.00000000,USDT,VES,Pago Movil
2026-08-15T12:31:30.199525,SELL,870.00000000,249.56000000,USDT,VES,"Bank Transfer, Bancamiga, Banco de Venezuela"
2026-08-15T12:31:29.805466,BUY,881.00000000,2000.00000000,USDT,VES,"Bank Transfer, Banco de Venezuela, R4 Banco Microfinanciero"
2026-08-15T12:04:37.284008,SELL,875.80000000,1512.33000000,USDT,VES,Banesco
2026-08-15T12:04:36.957042,BUY,881.00000000,2000.00000000,USDT,VES,"Bank Transfer, Banco de Venezuela, R4 Banco Microfinanciero"
2026-08-15T11:34:37.254051,SELL,875.00000000,99.75000000,USDT,VES,Pago Movil
2026-08-15T11:34:36.924506,BUY,881.00000000,2000.00000000,USDT,VES,"Bank Transfer, Banco de Venezuela, R4 Banco Microfinanciero"
2026-08-15T11:04:37.330943,SELL,876.99000000,1.35000000,USDT,VES,Banesco
2026-08-15T11:04:37.004140,BUY,881.00000000,2000.00000000,USDT,VES,"Bank Transfer, Banco de Venezuela, R4 Banco Microfinanciero"
2026-08-15T10:34:37.242255,SELL,876.00000000,2229.03000000,USDT,VES,Banesco
2026-08-15T10:34:36.937320,BUY,881.00000000,2000.00000000,USDT,VES,"Bank Transfer, Banco de Venezuela, R4 Banco Microfinanciero"
2026-08-15T10:04:37.214944,SELL,876.98000000,1840.18000000,USDT,VES,Banesco
2026-08-15T10:04:36.903618,BUY,881.00000000,2000.00000000,USDT,VES,"Bank Transfer, Banco de Venezuela, R4 Banco Microfinanciero"
2026-08-15T09:34:37.182984,SELL,879.49500000,3493.88000000,USDT,VES,"Bank Transfer, Banco de Venezuela"
2026-08-15T09:34:36.890921,BUY,881.00000000,2000.00000000,USDT,VES,"Bank Transfer, Banco de Venezuela, R4 Banco Microfinanciero"
2026-08-15T09:04:37.274774,SELL,879.99500000,251.30000000,USDT,VES,"Mercantil, Provincial, Banco de Venezuela, Bancamiga, Banesco"
2026-08-15T09:04:36.964491,BUY,881.00000000,2000.00000000,USDT,VES,"Bank Transfer, Banco de Venezuela, R4 Banco Microfinanciero"
2026-08-15T08:34:37.229861,SELL,879.00000000,51.63000000,USDT,VES,Pago Movil
2026-08-15T08:34:36.936947,BUY,881.00000000,2000.00000000,USDT,VES,"Bank Transfer, Banco de Venezuela, R4 Banco Microfinanciero"
2026-08-15T08:04:27.395269,SELL,883.00000000,961.18000000,USDT,VES,Pago Movil
2026-08-15T08:04:27.028786,BUY,881.00000000,2000.00000000,USDT,VES,"Bank Transfer, Banco de Venezuela, R4 Banco Microfinanciero"
2026-08-15T00:14:59.124069,SELL,882.50000000,15.98000000,USDT,VES,"Banesco, Mercantil"
2026-08-15T00:14:58.793183,BUY,881.50000000,17699.98000000,USDT,VES,"Banco de Venezuela, Bank Transfer"
2026-08-14T23:44:59.096846,SELL,882.19000000,649.37000000,USDT,VES,Pago Movil
2026-08-14T23:44:58.783489,BUY,881.11000000,11212.13000000,USDT,VES,"Banco de Venezuela, Bank Transfer"
2026-08-14T23:14:59.020473,SELL,882.75000000,3745.70000000,USDT,VES,BNC Banco Nacional de Crédito
2026-08-14T23:14:58.706893,BUY,882.05300000,61483.82000000,USDT,VES,"Bank Transfer, Banco de Venezuela"
2026-08-14T22:44:59.044381,SELL,882.00000000,1983.14000000,USDT,VES,Mercantil
2026-08-14T22:44:58.716529,BUY,882.00000000,80000.00000000,USDT,VES,"Banco de Venezuela, Bank Transfer"
2026-08-14T22:14:58.962407,SELL,882.00000000,1983.14000000,USDT,VES,Mercantil
2026-08-14T22:14:58.670375,BUY,882.00000000,80000.00000000,USDT,VES,"Banco de Venezuela, Bank Transfer"
2026-08-14T21:44:59.048304,SELL,880.00000000,1983.14000000,USDT,VES,Mercantil
2026-08-14T21:44:58.723846,BUY,890.00000000,96.38000000,USDT,VES,Bancamiga
2026-08-14T21:14:58.982782,SELL,879.00000000,798.00000000,USDT,VES,Banesco
2026-08-14T21:14:58.675936,BUY,882.00000000,79885.24000000,USDT,VES,"Banco de Venezuela, Bank Transfer"
2026-08-14T20:44:58.968047,SELL,880.00000000,1414.97000000,USDT,VES,Mercantil
2026-08-14T20:44:58.652357,BUY,883.00000000,2.18000000,USDT,VES,Pago Movil
2026-08-14T20:14:58.994480,SELL,879.00000000,997.50000000,USDT,VES,Banesco
2026-08-14T20:14:58.666888,BUY,881.00000000,2000.00000000,USDT,VES,"Bank Transfer, Banco de Venezuela, R4 Banco Microfinanciero"
2026-08-14T19:44:58.952110,SELL,880.00000000,1983.14000000,USDT,VES,Mercantil
2026-08-14T19:44:58.627801,BUY,881.50000000,150000.00000000,USDT,VES,"Banco de Venezuela, Bank Transfer"
2026-08-14T19:41:26.534573,SELL,880.00000000,1983.14000000,USDT,VES,Mercantil
2026-08-14T19:41:26.002408,BUY,881.50000000,150000.00000000,USDT,VES,"Banco de Venezuela, Bank Transfer"
2026-08-14T16:16:04.129860,SELL,879.20000000,86.97000000,USDT,VES,"Pago Movil, Mercantil, BNC Banco Nacional de Crédito"
2026-08-14T16:16:03.806441,BUY,884.55000000,11370.46000000,USDT,VES,"Banco de Venezuela, Bank Transfer"
2026-08-14T15:45:04.060851,SELL,879.00000000,59953.16000000,USDT,VES,Mercantil
2026-08-14T15:45:03.751920,BUY,885.00000000,68700.57000000,USDT,VES,"Banco de Venezuela, Bank Transfer"
2026-08-14T15:15:04.153514,SELL,878.24800000,22251.03000000,USDT,VES,Mercantil
2026-08-14T15:15:03.830248,BUY,881.00000000,2000.00000000,USDT,VES,"Bank Transfer, Banco de Venezuela, R4 Banco Microfinanciero"
2026-08-14T14:45:04.034944,SELL,876.50000000,309.22000000,USDT,VES,Banesco
2026-08-14T14:45:03.725795,BUY,881.00000000,2000.00000000,USDT,VES,"Bank Transfer, Banco de Venezuela, R4 Banco Microfinanciero"
2026-08-14T14:15:04.431021,SELL,874.00000000,454.44000000,USDT,VES,Banesco
2026-08-14T14:15:04.126332,BUY,881.00000000,2000.00000000,USDT,VES,"Bank Transfer, Banco de Venezuela, R4 Banco Microfinanciero"
2026-08-14T13:45:04.040327,SELL,876.00000000,2.56000000,USDT,VES,"Pago Movil, Banesco"
2026-08-14T13:45:03.720156,BUY,893.00000000,2000.00000000,USDT,VES,"R4 Banco Microfinanciero, Banco de Venezuela, Bank Transfer"
2026-08-14T13:15:04.025245,SELL,873.00000000,997.50000000,USDT,VES,BNC Banco Nacional de Crédito
2026-08-14T13:15:03.710449,BUY,893.00000000,2000.00000000,USDT,VES,"R4 Banco Microfinanciero, Banco de Venezuela, Bank Transfer"
2026-08-14T12:45:04.006638,SELL,872.00000000,99.75000000,USDT,VES,"BNC Banco Nacional de Crédito, Pago Movil"
2026-08-14T12:45:03.700151,BUY,893.00000000,2000.00000000,USDT,VES,"R4 Banco Microfinanciero, Banco de Venezuela, Bank Transfer"
2026-08-14T12:15:04.102282,SELL,875.00000000,99.75000000,USDT,VES,"Banesco, Pago Movil"
2026-08-14T12:15:03.799038,BUY,893.00000000,2000.00000000,USDT,VES,"R4 Banco Microfinanciero, Banco de Venezuela, Bank Transfer"
2026-08-14T11:45:04.014962,SELL,875.99900000,2663.54000000,USDT,VES,Banesco
2026-08-14T11:45:03.704452,BUY,893.00000000,2000.00000000,USDT,VES,"R4 Banco Microfinanciero, Banco de Venezuela, Bank Transfer"
2026-08-14T11:15:03.970219,SELL,878.00000000,2124.68000000,USDT,VES,Banesco
2026-08-14T11:15:03.666520,BUY,893.00000000,2000.00000000,USDT,VES,"R4 Banco Microfinanciero, Banco de Venezuela, Bank Transfer"
2026-08-14T10:45:04.091202,SELL,881.79000000,308.28000000,USDT,VES,Banesco
2026-08-14T10:45:03.785252,BUY,893.00000000,2000.00000000,USDT,VES,"R4 Banco Microfinanciero, Banco de Venezuela, Bank Transfer"
2026-08-14T10:15:04.152532,SELL,881.00000000,261.84000000,USDT,VES,Pago Movil
2026-08-14T10:15:03.784911,BUY,893.00000000,2000.00000000,USDT,VES,"R4 Banco Microfinanciero, Banco de Venezuela, Bank Transfer"
2026-08-14T09:45:06.169935,SELL,884.90000000,698.25000000,USDT,VES,"Mercantil, Pago Movil"
2026-08-14T09:45:05.866382,BUY,893.00000000,2000.00000000,USDT,VES,"R4 Banco Microfinanciero, Banco de Venezuela, Bank Transfer"
2026-08-14T09:20:02.263767,SELL,885.00000000,99.75000000,USDT,VES,Bancamiga
2026-08-14T09:20:01.909160,BUY,893.00000000,2000.00000000,USDT,VES,"R4 Banco Microfinanciero, Banco de Venezuela, Bank Transfer"
2026-08-14T08:45:05.377593,SELL,882.00000000,498.75000000,USDT,VES,Banesco
2026-08-14T08:45:05.066611,BUY,893.00000000,2000.00000000,USDT,VES,"R4 Banco Microfinanciero, Banco de Venezuela, Bank Transfer"
2026-08-14T08:15:05.489704,SELL,884.00000000,99.75000000,USDT,VES,"Provincial, Pago Movil"
2026-08-14T08:15:05.108914,BUY,893.00000000,2000.00000000,USDT,VES,"R4 Banco Microfinanciero, Banco de Venezuela, Bank Transfer"
2026-08-14T00:00:32.750984,SELL,866.90000000,1996.50000000,USDT,VES,Mercantil
2026-08-14T00:00:32.441315,BUY,893.00000000,2000.00000000,USDT,VES,"R4 Banco Microfinanciero, Banco de Venezuela, Bank Transfer"
2026-08-13T23:30:32.759256,SELL,885.00000000,143.79000000,USDT,VES,Mercantil
2026-08-13T23:30:32.442350,BUY,893.00000000,2000.00000000,USDT,VES,"R4 Banco Microfinanciero, Banco de Venezuela, Bank Transfer"
2026-08-13T23:00:32.874055,SELL,885.00000000,870.02000000,USDT,VES,"Banesco, Mercantil"
2026-08-13T23:00:32.534339,BUY,893.00000000,2000.00000000,USDT,VES,"R4 Banco Microfinanciero, Banco de Venezuela, Bank Transfer"
2026-08-13T22:30:33.027673,SELL,885.00000000,189.86000000,USDT,VES,Bank Transfer
2026-08-13T22:30:32.486918,BUY,893.00000000,2000.00000000,USDT,VES,"R4 Banco Microfinanciero, Banco de Venezuela, Bank Transfer"
2026-08-13T22:00:32.767918,SELL,885.00000000,205.93000000,USDT,VES,Pago Movil
2026-08-13T22:00:32.465956,BUY,893.00000000,2000.00000000,USDT,VES,"R4 Banco Microfinanciero, Banco de Venezuela, Bank Transfer"
2026-08-13T21:30:32.724849,SELL,886.00000000,281.26000000,USDT,VES,Banesco
2026-08-13T21:30:32.390975,BUY,893.00000000,2000.00000000,USDT,VES,"R4 Banco Microfinanciero, Banco de Venezuela, Bank Transfer"
2026-08-13T21:00:32.728052,SELL,884.00000000,299.25000000,USDT,VES,Banesco
2026-08-13T21:00:32.407622,BUY,893.00000000,2000.00000000,USDT,VES,"R4 Banco Microfinanciero, Banco de Venezuela, Bank Transfer"
2026-08-13T20:29:06.282614,SELL,887.99900000,99.75000000,USDT,VES,"Bank Transfer, Banco de Venezuela"
2026-08-13T20:29:05.977422,BUY,893.00000000,2000.00000000,USDT,VES,"R4 Banco Microfinanciero, Banco de Venezuela, Bank Transfer"
2026-08-13T20:02:30.381715,SELL,880.00000000,115.15000000,USDT,VES,"Pago Movil, Bank Transfer, Banco de Venezuela"
2026-08-13T20:02:30.077361,BUY,893.00000000,2000.00000000,USDT,VES,"R4 Banco Microfinanciero, Banco de Venezuela, Bank Transfer"
2026-08-13T19:32:28.907703,SELL,883.70000000,154.24000000,USDT,VES,Pago Movil
2026-08-13T19:32:28.603176,BUY,905.51000000,1972.19000000,USDT,VES,"Provincial, BBVA"
2026-08-13T19:02:24.063638,SELL,882.00000000,1824.65000000,USDT,VES,Banesco
2026-08-13T19:02:23.742996,BUY,900.00000000,13748.59000000,USDT,VES,Provincial
2026-08-13T18:58:52.342984,SELL,889.88000000,99.75000000,USDT,VES,Banesco
2026-08-13T18:58:52.034424,BUY,903.00000000,1405.65000000,USDT,VES,Provincial
2026-08-13T18:28:34.093062,SELL,889.00000000,299.25000000,USDT,VES,Banesco
2026-08-13T18:28:33.800337,BUY,900.00000000,3750.43000000,USDT,VES,Bancamiga
2026-08-13T17:59:49.229145,SELL,889.00000000,4822.45000000,USDT,VES,Banesco
2026-08-13T17:59:48.899653,BUY,900.00000000,2424.82000000,USDT,VES,Bancamiga
2026-08-13T17:30:21.986575,SELL,889.00000000,38.87000000,USDT,VES,Pago Movil
2026-08-13T17:30:21.676346,BUY,895.00000000,80000.00000000,USDT,VES,Banco de Venezuela
2026-08-13T17:20:14.643921,SELL,888.00000000,199.50000000,USDT,VES,Pago Movil
2026-08-13T17:20:13.452145,BUY,895.00100000,80000.00000000,USDT,VES,"Banco de Venezuela, Bank Transfer"
2026-08-13T17:00:57.576056,BUY,895.00000000,80000.00000000,USDT,VES,"Banco de Venezuela, Bank Transfer"
2026-08-13T17:00:02.546437,SELL,888.00000000,43056.20000000,USDT,VES,"Banco de Venezuela, Bank Transfer"
2026-08-13T16:30:56.724188,BUY,893.00000000,2000.00000000,USDT,VES,"R4 Banco Microfinanciero, Banco de Venezuela, Bank Transfer"
2026-08-13T16:30:56.724188,SELL,887.50000000,100.00000000,USDT,VES,Banesco
2026-08-13T16:00:38.420236,BUY,893.00000000,2000.00000000,USDT,VES,"R4 Banco Microfinanciero, Banco de Venezuela, Bank Transfer"
2026-08-13T16:00:04.013165,SELL,887.00000000,2000.00000000,USDT,VES,"R4 Banco Microfinanciero, Banco de Venezuela, Bank Transfer"
2026-08-13T15:30:37.449772,SELL,883.00000000,100.00000000,USDT,VES,Mercantil
2026-08-13T15:30:37.128764,BUY,893.00000000,2000.00000000,USDT,VES,"R4 Banco Microfinanciero, Banco de Venezuela, Bank Transfer"
2026-08-13T15:00:36.169066,SELL,882.00000000,1.04000000,USDT,VES,"Pago Movil, BNC Banco Nacional de Crédito"
2026-08-13T15:00:35.872815,BUY,893.00000000,2000.00000000,USDT,VES,"R4 Banco Microfinanciero, Banco de Venezuela, Bank Transfer"
2026-08-13T14:30:35.090029,SELL,881.00000000,99.75000000,USDT,VES,Mercantil
2026-08-13T14:30:34.782354,BUY,891.41100000,2773.02000000,USDT,VES,Bancaribe
2026-08-13T14:00:33.970987,SELL,876.00000000,4488.77000000,USDT,VES,Banesco
2026-08-13T14:00:33.662347,BUY,895.51000000,6000.00000000,USDT,VES,"Provincial, BBVA"
2026-08-13T13:30:32.605175,SELL,882.00000000,4488.77000000,USDT,VES,Banesco
2026-08-13T13:30:32.283693,BUY,889.00000000,2000.00000000,USDT,VES,"Bank Transfer, Banco de Venezuela, R4 Banco Microfinanciero"
2026-08-13T13:00:31.133133,SELL,881.00000000,3.20000000,USDT,VES,"Pago Movil, Banesco"
2026-08-13T13:00:30.813404,BUY,889.00000000,2000.00000000,USDT,VES,"Bank Transfer, Banco de Venezuela, R4 Banco Microfinanciero"
2026-08-13T12:30:29.997624,SELL,879.99900000,159.66000000,USDT,VES,Mercantil
2026-08-13T12:30:29.679576,BUY,889.00000000,2000.00000000,USDT,VES,"Bank Transfer, Banco de Venezuela, R4 Banco Microfinanciero"
2026-08-13T12:00:28.748855,SELL,882.00000000,4488.77000000,USDT,VES,Banesco
2026-08-13T12:00:28.459069,BUY,889.00000000,2000.00000000,USDT,VES,"Bank Transfer, Banco de Venezuela, R4 Banco Microfinanciero"
2026-08-13T11:30:27.447167,SELL,884.99900000,22.06000000,USDT,VES,Bancamiga
2026-08-13T11:30:27.122474,BUY,889.00000000,2000.00000000,USDT,VES,"Bank Transfer, Banco de Venezuela, R4 Banco Microfinanciero"
2026-08-13T11:00:15.307573,SELL,880.50300000,687.62000000,USDT,VES,"Banesco, Bank Transfer, Pago Movil"
2026-08-13T11:00:15.001188,BUY,890.00000000,36797.82000000,USDT,VES,Bancamiga
2026-08-13T10:33:47.788384,BUY,889.00000000,2000.00000000,USDT,VES,"Bank Transfer, Banco de Venezuela, R4 Banco Microfinanciero"
2026-08-13T10:33:02.756398,SELL,882.00000000,45000.00000000,USDT,VES,Bancamiga
2026-08-13T10:00:57.040858,SELL,884.00000000,31.78000000,USDT,VES,Mercantil
2026-08-13T10:00:56.727466,BUY,887.00500000,60360.00000000,USDT,VES,BNC Banco Nacional de Crédito
2026-08-13T09:30:07.451324,SELL,884.99900000,84.46000000,USDT,VES,Banesco
2026-08-13T09:30:07.146064,BUY,886.00500000,80000.00000000,USDT,VES,BNC Banco Nacional de Crédito
2026-08-13T09:04:29.293770,SELL,881.60000000,159.60000000,USDT,VES,Banesco
2026-08-13T09:04:28.952030,BUY,886.00500000,80000.00000000,USDT,VES,BNC Banco Nacional de Crédito
2026-08-13T09:00:13.781566,SELL,881.50000000,80000.00000000,USDT,VES,BNC Banco Nacional de Crédito
2026-08-13T09:00:02.625538,BUY,886.00500000,80000.00000000,USDT,VES,BNC Banco Nacional de Crédito
2026-08-13T08:55:24.278309,BUY,887.80000000,120.00000000,USDT,VES,"Provincial, Mercantil"
2026-08-13T08:13:10.700498,SELL,882.20000000,1923.63000000,USDT,VES,Banco de Venezuela
2026-08-13T08:13:10.385558,BUY,885.50500000,80000.00000000,USDT,VES,BNC Banco Nacional de Crédito
2026-08-13T00:01:35.450065,SELL,885.00000000,663.83000000,USDT,VES,"BNC Banco Nacional de Crédito, Banco del Tesoro"
2026-08-13T00:01:35.124840,BUY,886.00000000,8200.06000000,USDT,VES,"Bancamiga, Banesco"
2026-08-12T23:31:37.471371,SELL,885.00000000,399.00000000,USDT,VES,Bancaribe
2026-08-12T23:31:37.135233,BUY,886.00000000,10000.00000000,USDT,VES,"Bancamiga, Banesco"
2026-08-12T23:01:35.125139,SELL,885.00000000,399.00000000,USDT,VES,Bancaribe
2026-08-12T23:01:34.734760,BUY,886.10000000,17547.51000000,USDT,VES,Banco de Venezuela
2026-08-12T22:31:11.018618,SELL,884.00000000,49.87000000,USDT,VES,Mercantil
2026-08-12T22:31:10.681893,BUY,886.00000000,22677.99000000,USDT,VES,Banco de Venezuela
2026-08-12T22:01:20.584821,SELL,883.99900000,308.29000000,USDT,VES,"Mercantil, Pago Movil"
2026-08-12T22:01:20.242583,BUY,886.00000000,341.28000000,USDT,VES,Recarga Pines
2026-08-12T21:33:02.075539,SELL,883.99900000,343.35000000,USDT,VES,Mercantil
2026-08-12T21:33:01.743640,BUY,886.00000000,341.28000000,USDT,VES,Recarga Pines
2026-08-12T21:10:12.419555,SELL,882.00000000,99.75000000,USDT,VES,BNC Banco Nacional de Crédito
2026-08-12T21:10:12.073493,BUY,886.00000000,341.28000000,USDT,VES,Recarga Pines
2026-08-12T20:32:59.374406,SELL,882.10000000,108.82000000,USDT,VES,"Provincial, Bancamiga"
2026-08-12T20:32:58.364083,BUY,885.00000000,80000.00000000,USDT,VES,"Bank Transfer, Banco de Venezuela"
2026-08-12T20:00:32.523877,SELL,880.00000000,0.43000000,USDT,VES,Banesco
2026-08-12T20:00:32.199329,BUY,884.90000000,1989.31000000,USDT,VES,Bancamiga
2026-08-12T19:30:50.381511,SELL,879.99000000,5.18000000,USDT,VES,"Mercantil, Pago Movil"
2026-08-12T19:30:50.034727,BUY,884.00000000,55000.06000000,USDT,VES,"Bank Transfer, Banco de Venezuela"
2026-08-12T19:01:03.259112,SELL,878.00000000,80.96000000,USDT,VES,Pago Movil
2026-08-12T19:01:02.867422,BUY,883.50000000,59000.00000000,USDT,VES,"Bank Transfer, Banco de Venezuela"
2026-08-12T18:30:30.846714,SELL,879.40000000,1.55000000,USDT,VES,"Mercantil, Pago Movil"
2026-08-12T18:30:30.520819,BUY,883.50000000,80000.00000000,USDT,VES,"Bank Transfer, Banco de Venezuela"
2026-08-12T18:08:21.446533,SELL,879.40000000,1.55000000,USDT,VES,"Mercantil, Pago Movil"
2026-08-12T18:08:21.104220,BUY,883.00100000,33516.44000000,USDT,VES,"Banco de Venezuela, Bank Transfer"
2026-08-12T17:31:22.096115,SELL,878.99800000,1.13000000,USDT,VES,"Banco de Venezuela, Pago Movil, Bank Transfer"
2026-08-12T17:31:21.707132,BUY,881.50000000,2000.00000000,USDT,VES,"R4 Banco Microfinanciero, Banco de Venezuela, Bank Transfer"
2026-08-12T17:00:44.802039,SELL,878.85000000,0.55000000,USDT,VES,Banco de Venezuela
2026-08-12T17:00:43.680020,BUY,881.50000000,2000.00000000,USDT,VES,"R4 Banco Microfinanciero, Banco de Venezuela, Bank Transfer"
2026-08-12T16:33:21.528121,SELL,878.00100000,0.60000000,USDT,VES,"Banesco, Banco de Venezuela"
2026-08-12T16:33:21.201322,BUY,881.50000000,2000.00000000,USDT,VES,"R4 Banco Microfinanciero, Banco de Venezuela, Bank Transfer"
2026-08-12T16:06:01.913846,SELL,878.00000000,99.75000000,USDT,VES,"Pago Movil, Bank Transfer"
2026-08-12T16:06:01.533759,BUY,881.50000000,2000.00000000,USDT,VES,"R4 Banco Microfinanciero, Banco de Venezuela, Bank Transfer"
2026-08-12T15:30:21.100699,SELL,876.00000000,0.88000000,USDT,VES,"Pago Movil, Mercantil"
2026-08-12T15:30:19.686551,BUY,881.50000000,2000.00000000,USDT,VES,"R4 Banco Microfinanciero, Banco de Venezuela, Bank Transfer"
2026-08-12T15:00:37.245726,SELL,876.00000000,16.24000000,USDT,VES,Banesco
2026-08-12T15:00:36.919380,BUY,881.50000000,2000.00000000,USDT,VES,"R4 Banco Microfinanciero, Banco de Venezuela, Bank Transfer"
2026-08-12T14:30:02.858901,SELL,876.00000000,15.37000000,USDT,VES,Banesco
2026-08-12T14:30:02.503475,BUY,881.00000000,2000.00000000,USDT,VES,"Bank Transfer, Banco de Venezuela, R4 Banco Microfinanciero"
2026-08-12T14:00:41.946718,SELL,877.99900000,49.69000000,USDT,VES,Pago Movil
2026-08-12T14:00:41.579041,BUY,881.50000000,22077.58000000,USDT,VES,Bancamiga
2026-08-12T13:30:31.516735,SELL,878.10000000,4417.67000000,USDT,VES,"Mercantil, Bancamiga, Banesco, Pago Movil, Banco de Venezuela"
2026-08-12T13:30:31.194253,BUY,881.00000000,100.00000000,USDT,VES,Recarga Pines
2026-08-12T13:07:20.462231,SELL,878.00000000,48.22000000,USDT,VES,Pago Movil
2026-08-12T13:07:20.136452,BUY,880.00000000,4586.09000000,USDT,VES,"BBVA, Provincial"
2026-08-12T12:39:55.895096,SELL,879.00000000,83.66000000,USDT,VES,Banco de Venezuela
2026-08-12T12:39:55.576929,BUY,880.00000000,8889.65000000,USDT,VES,"BNC Banco Nacional de Crédito, Pago Movil"
2026-08-12T12:34:34.368008,SELL,877.50000000,299.25000000,USDT,VES,Mercantil
2026-08-12T12:34:33.995728,BUY,881.00000000,1399.62000000,USDT,VES,Bancamiga
2026-08-12T12:01:23.060359,SELL,861.30000000,149.62000000,USDT,VES,Mercantil
2026-08-12T12:01:22.733157,BUY,882.00000000,38344.18000000,USDT,VES,Bancamiga
2026-08-12T11:35:34.432871,SELL,878.00000000,0.42000000,USDT,VES,"Banesco, Mercantil, Provincial, BNC Banco Nacional de Crédito, Bancamiga"
2026-08-12T11:35:34.068830,BUY,881.00000000,19436.95000000,USDT,VES,BNC Banco Nacional de Crédito
2026-08-12T11:00:55.716315,SELL,878.00000000,0.42000000,USDT,VES,"Banesco, Mercantil, Provincial, BNC Banco Nacional de Crédito, Bancamiga"
2026-08-12T11:00:55.356344,BUY,883.00000000,18989.58000000,USDT,VES,Bancamiga
2026-08-12T10:34:58.724037,SELL,761.63000000,967.58000000,USDT,VES,Pago Movil
2026-08-12T10:34:58.393823,BUY,883.00000000,73305.21000000,USDT,VES,Banco Digital de los Trabajadores
2026-08-12T10:10:54.771769,SELL,875.90000000,0.76000000,USDT,VES,Pago Movil
2026-08-12T10:10:54.421105,BUY,879.00100000,39000.06000000,USDT,VES,Banco de Venezuela
2026-08-12T09:30:52.882202,SELL,872.00000000,2258.59000000,USDT,VES,"Bank Transfer, Banco de Venezuela"
2026-08-12T09:30:52.535223,BUY,877.00000000,80000.00000000,USDT,VES,Bancamiga
2026-08-12T09:01:36.170230,SELL,874.00000000,99.75000000,USDT,VES,"Pago Movil, Banesco"
2026-08-12T09:01:35.803089,BUY,876.00000000,51712.10000000,USDT,VES,Bancamiga
2026-08-12T08:32:25.970029,SELL,874.00000000,99.75000000,USDT,VES,Provincial
2026-08-12T08:32:25.660654,BUY,876.00000000,67711.98000000,USDT,VES,Bancamiga
2026-08-12T08:00:56.295641,SELL,872.50000000,94.02000000,USDT,VES,Pago Movil
2026-08-12T08:00:55.946311,BUY,874.00000000,100.00000000,USDT,VES,Recarga Pines
2026-08-12T00:00:29.534060,SELL,846.00000000,76.11000000,USDT,VES,Provincial
2026-08-12T00:00:29.221196,BUY,873.05000000,20000.00000000,USDT,VES,Banesco
2026-08-11T23:30:14.095231,SELL,873.79900000,381.88000000,USDT,VES,Pago Movil
2026-08-11T23:30:13.749346,BUY,875.00000000,67711.98000000,USDT,VES,Bancamiga
2026-08-11T23:00:08.081279,SELL,872.90000000,99.75000000,USDT,VES,Bank Transfer
2026-08-11T23:00:07.717320,BUY,875.00000000,80000.00000000,USDT,VES,Bancamiga
2026-08-11T22:30:37.748504,SELL,873.00000000,99.75000000,USDT,VES,Mercantil
2026-08-11T22:30:37.416206,BUY,878.00000000,100.00000000,USDT,VES,Bancamiga
2026-08-11T22:00:14.095852,SELL,873.00000000,2.94000000,USDT,VES,"Pago Movil, Banco de Venezuela, Banco del Tesoro, Banco Digital de los Trabajadores"
2026-08-11T22:00:13.776755,BUY,876.00000000,2000.00000000,USDT,VES,"R4 Banco Microfinanciero, Banco de Venezuela, Bank Transfer"
2026-08-11T21:30:37.497523,SELL,872.00000000,99.75000000,USDT,VES,"Pago Movil, Banco de Venezuela"
2026-08-11T21:30:36.546499,BUY,876.00000000,2000.00000000,USDT,VES,"R4 Banco Microfinanciero, Banco de Venezuela, Bank Transfer"
2026-08-11T21:00:06.236545,SELL,873.39900000,163.58000000,USDT,VES,"Banesco, Mercantil"
2026-08-11T21:00:05.886355,BUY,877.00000000,2000.00000000,USDT,VES,"Bank Transfer, Banco de Venezuela, R4 Banco Microfinanciero"
2026-08-11T20:17:28.059777,SELL,873.00000000,3.98000000,USDT,VES,Banco de Venezuela
2026-08-11T20:17:27.738082,BUY,877.00000000,2000.00000000,USDT,VES,"Bank Transfer, Banco de Venezuela, R4 Banco Microfinanciero"
2026-08-11T19:00:51.053935,SELL,870.00000000,1.99000000,USDT,VES,Banesco
2026-08-11T19:00:50.734665,BUY,878.00000000,2000.00000000,USDT,VES,"R4 Banco Microfinanciero, Banco de Venezuela, Bank Transfer"
2026-08-11T18:08:17.544355,SELL,870.00000000,4.62000000,USDT,VES,Banesco
2026-08-11T18:08:17.209737,BUY,877.00000000,2000.00000000,USDT,VES,"Bank Transfer, Banco de Venezuela, R4 Banco Microfinanciero"
2026-08-11T17:30:32.367673,SELL,870.00000000,4.62000000,USDT,VES,Banesco
2026-08-11T17:30:32.032003,BUY,877.50000000,108000.06000000,USDT,VES,"Banco de Venezuela, Bank Transfer"
2026-08-11T17:01:37.471344,SELL,870.00000000,4.62000000,USDT,VES,Banesco
2026-08-11T17:01:37.123803,BUY,876.00000000,21147.48000000,USDT,VES,"Banco de Venezuela, Bank Transfer"
2026-08-11T16:34:40.873816,SELL,870.00000000,4.62000000,USDT,VES,Banesco
2026-08-11T16:34:40.480021,BUY,875.80000000,80000.00000000,USDT,VES,"Banco de Venezuela, Bank Transfer"
2026-08-11T16:02:28.054574,SELL,869.64900000,1377.09000000,USDT,VES,Banesco
2026-08-11T16:02:27.716116,BUY,874.00000000,80000.00000000,USDT,VES,"Bank Transfer, Banco de Venezuela"
2026-08-11T15:30:27.170027,SELL,870.00000000,1.02000000,USDT,VES,"Mercantil, Pago Movil"
2026-08-11T15:30:26.843322,BUY,874.00000000,36621.96000000,USDT,VES,Bancamiga
2026-08-11T15:04:28.599396,SELL,869.90000000,3.41000000,USDT,VES,"Pago Movil, Bank Transfer"
2026-08-11T15:04:28.169826,BUY,873.50000000,50120.21000000,USDT,VES,"Banco de Venezuela, Bank Transfer"
2026-08-11T14:33:11.368234,SELL,869.00000000,399.00000000,USDT,VES,Provincial
2026-08-11T14:33:11.008316,BUY,870.00000000,3425.43000000,USDT,VES,BNC Banco Nacional de Crédito
2026-08-11T14:03:35.788037,SELL,869.00000000,0.82000000,USDT,VES,"Banco de Venezuela, Pago Movil, Bank Transfer"
2026-08-11T14:03:35.444238,BUY,872.00000000,29149.58000000,USDT,VES,"Bank Transfer, Banco de Venezuela"
2026-08-11T13:32:35.238201,SELL,869.00000000,0.82000000,USDT,VES,"Banco de Venezuela, Pago Movil, Bank Transfer"
2026-08-11T13:32:32.856311,BUY,870.00000000,26000.00000000,USDT,VES,Bancamiga
2026-08-11T13:08:44.022201,SELL,868.00000000,99.75000000,USDT,VES,Pago Movil
2026-08-11T13:08:43.065458,BUY,870.00000000,43747.99000000,USDT,VES,Banco del Tesoro
2026-08-11T13:01:15.999635,SELL,868.00000000,349.12000000,USDT,VES,"Pago Movil, Banesco"
2026-08-11T13:01:15.676335,BUY,870.00000000,57840.22000000,USDT,VES,Banco del Tesoro
2026-08-11T12:30:31.601988,SELL,866.00000000,0.54000000,USDT,VES,Provincial
2026-08-11T12:30:30.497866,BUY,870.00000000,2340.30000000,USDT,VES,Banco Digital de los Trabajadores
2026-08-11T12:05:16.301484,SELL,866.00000000,0.54000000,USDT,VES,Provincial
2026-08-11T12:05:15.114704,BUY,870.00000000,28610.80000000,USDT,VES,BNC Banco Nacional de Crédito
2026-08-11T11:30:37.013400,SELL,866.00000000,0.54000000,USDT,VES,Provincial
2026-08-11T11:30:36.046911,BUY,870.00000000,4488.87000000,USDT,VES,Banco Digital de los Trabajadores
2026-08-11T11:01:52.574334,SELL,863.35200000,99.07000000,USDT,VES,"Pago Movil, Bancamiga"
2026-08-11T11:01:49.027071,BUY,872.00000000,80000.00000000,USDT,VES,Banco Digital de los Trabajadores
2026-08-11T10:30:43.192351,SELL,863.33900000,99.41000000,USDT,VES,"Pago Movil, Bancamiga"
2026-08-11T10:30:42.840817,BUY,867.50000000,4000.00000000,USDT,VES,Banco de Venezuela
2026-08-11T08:30:35.845633,SELL,864.00000000,97.54000000,USDT,VES,Pago Movil
2026-08-11T08:30:34.819882,BUY,866.10000000,23597.14000000,USDT,VES,Bancamiga
2026-08-11T07:01:16.851791,SELL,866.10000000,42.02000000,USDT,VES,Mercantil
2026-08-11T07:00:58.893936,BUY,866.10000000,31.98000000,USDT,VES,Banco Digital de los Trabajadores
2026-08-11T06:06:19.440085,SELL,866.00000000,583.54000000,USDT,VES,Provincial
2026-08-11T06:06:19.056052,BUY,866.10000000,31.98000000,USDT,VES,Banco Digital de los Trabajadores
2026-08-11T00:00:00,BUY,867.50000000,0E-8,USDT,VES,Bank Transfer
2026-08-11T00:00:00,SELL,865.00000000,0E-8,USDT,VES,Bank Transfer
2026-08-10T23:30:00,BUY,869.50000000,0E-8,USDT,VES,Bank Transfer
2026-08-10T23:30:00,SELL,865.90000000,0E-8,USDT,VES,Bank Transfer
2026-08-10T23:00:00,SELL,865.10000000,0E-8,USDT,VES,Bank Transfer
2026-08-10T23:00:00,BUY,868.00000000,0E-8,USDT,VES,Bank Transfer
2026-08-10T22:30:00,BUY,868.00000000,0E-8,USDT,VES,Bank Transfer
2026-08-10T22:30:00,SELL,865.00000000,0E-8,USDT,VES,Bank Transfer
2026-08-10T22:00:00,BUY,867.55000000,0E-8,USDT,VES,Bank Transfer
2026-08-10T22:00:00,SELL,869.30000000,0E-8,USDT,VES,Bank Transfer
2026-08-10T21:30:41.453902,SELL,869.63000000,0E-8,USDT,VES,Bank Transfer
2026-08-10T21:30:41.453902,BUY,869.50000000,0E-8,USDT,VES,Bank Transfer
2026-08-10T21:00:41.453902,BUY,869.50000000,0E-8,USDT,VES,Bank Transfer
2026-08-10T21:00:41.453902,SELL,869.25000000,0E-8,USDT,VES,Bank Transfer
2026-08-10T20:30:41.453902,BUY,869.00000000,0E-8,USDT,VES,Bank Transfer
2026-08-10T20:30:41.453902,SELL,868.99000000,0E-8,USDT,VES,Bank Transfer
2026-08-10T20:00:41.453902,SELL,868.41000000,0E-8,USDT,VES,Bank Transfer
2026-08-10T20:00:41.453902,BUY,869.00000000,0E-8,USDT,VES,Bank Transfer
2026-08-10T19:30:41.453902,BUY,868.00000000,0E-8,USDT,VES,Bank Transfer
2026-08-10T19:30:41.453902,SELL,869.46000000,0E-8,USDT,VES,Bank Transfer
2026-08-10T19:00:41.453902,BUY,869.00000000,0E-8,USDT,VES,Bank Transfer
2026-08-10T19:00:41.453902,SELL,869.00000000,0E-8,USDT,VES,Bank Transfer
2026-08-10T18:30:41.453902,BUY,869.00000000,0E-8,USDT,VES,Bank Transfer
2026-08-10T18:30:41.453902,SELL,869.00000000,0E-8,USDT,VES,Bank Transfer
2026-08-10T18:00:41.453902,BUY,870.00000000,0E-8,USDT,VES,Bank Transfer
2026-08-10T18:00:41.453902,SELL,868.71000000,0E-8,USDT,VES,Bank Transfer
2026-08-10T17:30:41.453902,BUY,869.00000000,0E-8,USDT,VES,Bank Transfer
2026-08-10T17:30:41.453902,SELL,869.00000000,0E-8,USDT,VES,Bank Transfer
2026-08-10T17:00:41.453902,BUY,869.00000000,0E-8,USDT,VES,Bank Transfer
2026-08-10T17:00:41.453902,SELL,868.70000000,0E-8,USDT,VES,Bank Transfer
2026-08-10T16:30:41.453902,BUY,869.00000000,0E-8,USDT,VES,Bank Transfer
2026-08-10T16:30:41.453902,SELL,867.49000000,0E-8,USDT,VES,Bank Transfer
2026-08-10T16:00:41.453902,BUY,870.00000000,0E-8,USDT,VES,Bank Transfer
2026-08-10T16:00:41.453902,SELL,866.00000000,0E-8,USDT,VES,Bank Transfer
2026-08-10T15:30:41.453902,BUY,870.00000000,0E-8,USDT,VES,Bank Transfer
2026-08-10T15:30:41.453902,SELL,866.70000000,0E-8,USDT,VES,Bank Transfer
2026-08-10T15:00:41.453902,BUY,867.50000000,0E-8,USDT,VES,Bank Transfer
2026-08-10T15:00:41.453902,SELL,868.90000000,0E-8,USDT,VES,Bank Transfer
2026-08-10T14:30:41.453902,BUY,870.00000000,0E-8,USDT,VES,Bank Transfer
2026-08-10T14:30:41.453902,SELL,874.00000000,0E-8,USDT,VES,Bank Transfer
2026-08-10T14:00:41.453902,BUY,870.00000000,0E-8,USDT,VES,Bank Transfer
2026-08-10T14:00:41.453902,SELL,875.00000000,0E-8,USDT,VES,Bank Transfer
